<manifest><control namespace="PdfPrinter" constructor="PdfPrinter" version="1.2.0" display-name-key="PdfPrinter" description-key="PdfPrinter" control-type="virtual" api-version="1.3.14"><property name="instrumentationKey" display-name-key="InstrumentationKey_Key" description-key="instrumentation_Key" of-type="SingleLine.Text" usage="bound" required="true" /><resources><code path="bundle.js" order="1" /><platform-library name="React" version="16.8.6" /><platform-library name="Fluent" version="8.29.0" /><css path="output.css" order="1" /></resources><built-by name="pac" version="1.32.5" /></control></manifest>